<keymap version="1" name="A+K- on Mac" parent="Mac OS X">
  <action id="ActivateBigDataToolWindowToolWindow">
    <keyboard-shortcut first-keystroke="shift ctrl meta b" />
  </action>
  <action id="ChangesView.ToggleCommitUi" />
  <action id="CheckinProject" />
  <action id="CommentByBlockComment">
    <keyboard-shortcut first-keystroke="shift meta k" />
  </action>
  <action id="CommentByLineComment">
    <keyboard-shortcut first-keystroke="meta k" />
  </action>
  <action id="Console.Open" />
  <action id="Console.TableResult.SetDefault" />
  <action id="CopyElement" />
  <action id="Diff.NextChange" />
  <action id="Diff.PrevChange" />
  <action id="EditorChooseLookupItemDot">
    <keyboard-shortcut first-keystroke="meta period" />
  </action>
  <action id="EditorCodeBlockEnd" />
  <action id="EditorCodeBlockEndWithSelection" />
  <action id="EditorCodeBlockStart" />
  <action id="EditorCodeBlockStartWithSelection" />
  <action id="EditorDecreaseFontSize">
    <mouse-shortcut keystroke="meta button143" />
  </action>
  <action id="EditorDeleteToWordEnd" />
  <action id="EditorDeleteToWordEndInDifferentHumpsMode">
    <keyboard-shortcut first-keystroke="alt delete" />
  </action>
  <action id="EditorDeleteToWordStart" />
  <action id="EditorDeleteToWordStartInDifferentHumpsMode">
    <keyboard-shortcut first-keystroke="alt back_space" />
  </action>
  <action id="EditorIncreaseFontSize">
    <mouse-shortcut keystroke="meta button142" />
  </action>
  <action id="EditorLineEnd">
    <keyboard-shortcut first-keystroke="end" />
  </action>
  <action id="EditorLineEndWithSelection">
    <keyboard-shortcut first-keystroke="shift end" />
  </action>
  <action id="EditorLineStart">
    <keyboard-shortcut first-keystroke="home" />
  </action>
  <action id="EditorLineStartWithSelection">
    <keyboard-shortcut first-keystroke="shift home" />
  </action>
  <action id="EditorLookupDown" />
  <action id="EditorLookupUp" />
  <action id="EditorNextWord" />
  <action id="EditorNextWordInDifferentHumpsMode">
    <keyboard-shortcut first-keystroke="meta right" />
  </action>
  <action id="EditorNextWordInDifferentHumpsModeWithSelection">
    <keyboard-shortcut first-keystroke="shift meta right" />
  </action>
  <action id="EditorNextWordWithSelection" />
  <action id="EditorPreviousWord" />
  <action id="EditorPreviousWordInDifferentHumpsMode">
    <keyboard-shortcut first-keystroke="meta left" />
  </action>
  <action id="EditorPreviousWordInDifferentHumpsModeWithSelection">
    <keyboard-shortcut first-keystroke="shift meta left" />
  </action>
  <action id="EditorPreviousWordWithSelection" />
  <action id="Exit">
    <keyboard-shortcut first-keystroke="alt f4" />
  </action>
  <action id="ExpandRegionRecursively">
    <keyboard-shortcut first-keystroke="meta alt add" />
  </action>
  <action id="FindInPath">
    <keyboard-shortcut first-keystroke="shift meta f" />
  </action>
  <action id="Git.Commit.Stage" />
  <action id="GotoAction" />
  <action id="GotoTest" />
  <action id="InsertInlineCompletionLineAction" />
  <action id="Jdbc.OpenConsole.Any" />
  <action id="Jpa.OpenConsole" />
  <action id="ManageRecentProjects">
    <keyboard-shortcut first-keystroke="shift meta p" />
  </action>
  <action id="Markdown.Preview.DecreaseFontSize">
    <mouse-shortcut keystroke="meta button143" />
  </action>
  <action id="Markdown.Preview.IncreaseFontSize">
    <mouse-shortcut keystroke="meta button142" />
  </action>
  <action id="MergeAllWindowsAction">
    <keyboard-shortcut first-keystroke="shift meta alt f5" />
  </action>
  <action id="MethodDown">
    <keyboard-shortcut first-keystroke="alt down" />
  </action>
  <action id="MethodUp">
    <keyboard-shortcut first-keystroke="alt up" />
  </action>
  <action id="MoveLineDown">
    <keyboard-shortcut first-keystroke="shift meta alt down" />
  </action>
  <action id="MoveLineUp">
    <keyboard-shortcut first-keystroke="shift meta alt up" />
  </action>
  <action id="NextEditorTab">
    <keyboard-shortcut first-keystroke="ctrl alt right" />
  </action>
  <action id="NextTab" />
  <action id="OpenInlineChatAction">
    <keyboard-shortcut first-keystroke="shift ctrl g" />
  </action>
  <action id="PreviousEditorTab">
    <keyboard-shortcut first-keystroke="ctrl alt left" />
  </action>
  <action id="PreviousTab" />
  <action id="QuickJavaDoc">
    <keyboard-shortcut first-keystroke="ctrl q" />
  </action>
  <action id="Refresh">
    <keyboard-shortcut first-keystroke="f5" />
  </action>
  <action id="ReplaceInPath">
    <keyboard-shortcut first-keystroke="shift meta r" />
  </action>
  <action id="Rerun" />
  <action id="ResizeToolWindowDown" />
  <action id="RestoreDefaultLayout" />
  <action id="RunClass">
    <keyboard-shortcut first-keystroke="shift ctrl f10" />
    <keyboard-shortcut first-keystroke="shift meta f10" />
  </action>
  <action id="ServiceView.ShowServices" />
  <action id="Terminal.ClearBuffer">
    <keyboard-shortcut first-keystroke="meta l" />
  </action>
  <action id="Terminal.SwitchFocusToEditor">
    <keyboard-shortcut first-keystroke="shift meta escape" />
  </action>
  <action id="Vcs.Push" />
  <action id="VcsShowPrevChangeMarker" />
  <action id="copilot.applyInlaysNextWord">
    <keyboard-shortcut first-keystroke="alt right" />
  </action>
</keymap>