<keymap version="1" name="Default copy" parent="$default">
  <action id="AutoIndentLines" />
  <action id="CheckinProject">
    <keyboard-shortcut first-keystroke="ctrl dead_acute" />
  </action>
  <action id="CommentByBlockComment">
    <keyboard-shortcut first-keystroke="shift ctrl k" />
  </action>
  <action id="CommentByLineComment">
    <keyboard-shortcut first-keystroke="ctrl k" />
  </action>
  <action id="EditorSelectLine">
    <keyboard-shortcut first-keystroke="shift ctrl y" />
  </action>
  <action id="ExpandAllRegions">
    <keyboard-shortcut first-keystroke="shift ctrl add" />
    <keyboard-shortcut first-keystroke="shift ctrl equals" />
    <keyboard-shortcut first-keystroke="shift ctrl plus" />
  </action>
  <action id="ExpandRegion">
    <keyboard-shortcut first-keystroke="ctrl add" />
    <keyboard-shortcut first-keystroke="ctrl equals" />
    <keyboard-shortcut first-keystroke="ctrl plus" />
  </action>
  <action id="ExpandRegionRecursively">
    <keyboard-shortcut first-keystroke="ctrl alt add" />
    <keyboard-shortcut first-keystroke="ctrl alt equals" />
    <keyboard-shortcut first-keystroke="ctrl alt plus" />
  </action>
  <action id="ExtractFunctionToScope">
    <keyboard-shortcut first-keystroke="shift ctrl alt comma" />
  </action>
  <action id="ExtractInterface">
    <keyboard-shortcut first-keystroke="ctrl alt i" />
  </action>
  <action id="ExtractMethod">
    <keyboard-shortcut first-keystroke="ctrl alt comma" />
  </action>
  <action id="SwitchApply">
    <keyboard-shortcut first-keystroke="shift alt enter" />
  </action>
  <action id="SwitchDown">
    <keyboard-shortcut first-keystroke="shift alt down" />
  </action>
  <action id="SwitchLeft">
    <keyboard-shortcut first-keystroke="shift alt left" />
  </action>
  <action id="SwitchRight">
    <keyboard-shortcut first-keystroke="shift alt right" />
  </action>
  <action id="SwitchUp">
    <keyboard-shortcut first-keystroke="shift alt up" />
  </action>
  <action id="Terminal.SwitchFocusToEditor" />
  <action id="Vcs.Push">
    <keyboard-shortcut first-keystroke="shift ctrl dead_acute" />
  </action>
  <action id="antlr.ExtractRule">
    <keyboard-shortcut first-keystroke="ctrl alt comma" />
  </action>
  <action id="context.load" />
</keymap>